Feature,Importance
Daily_Return,0.15807439399380047
Volume_SMA_10,0.1378471106332903
Volume,0.13361138457189067
RSI_14,0.08986743796307547
MACD_Hist,0.07690998626034398
BB_Width,0.07112030759214341
MACD,0.05770150511957555
MACD_Signal,0.0516089624135321
BB_Upper,0.033072335395626234
Close,0.027848190231298257
Low,0.027305647393705074
High,0.02614661204564513
BB_Lower,0.026146600731643377
SMA_7,0.022440455534344525
EMA_12,0.020853446083068956
EMA_26,0.020022429340445767
SMA_21,0.01942319469657078
